csv_file,scene,screen_pct,cvar_name,cvar_value,frames_analysed,median_FrameTime,median_GameThreadTime,median_RenderThreadTime,median_GPUTime,median_RHIThreadTime,median_GPUMem/LocalUsedMB,median_GPU/TAA
Profile(20260401_183933).csv,cubetest,100,r.TemporalAACurrentFrameWeight,0.01,300,33.3342,1.5226,3.1177,13.2715,2.2917,2622.5273,0.2079
Profile(20260401_183957).csv,cubetest,100,r.TemporalAACurrentFrameWeight,0.02,300,33.3362,1.4614,3.0866,9.5892,2.2579,2624.4023,0.0794
Profile(20260401_184022).csv,cubetest,100,r.TemporalAACurrentFrameWeight,0.04,300,33.333,1.5128,3.1999,13.8474,2.3386,2622.5273,0.4296
Profile(20260401_184046).csv,cubetest,100,r.TemporalAACurrentFrameWeight,0.06,300,33.3386,1.5572,3.1761,9.58,2.3213,2622.5273,0.0922
Profile(20260401_184110).csv,cubetest,100,r.TemporalAACurrentFrameWeight,0.1,300,33.3361,1.4728,3.0623,9.7704,2.3034,2624.7773,0.0932
Profile(20260401_184134).csv,cubetest,100,r.TemporalAACurrentFrameWeight,0.2,300,33.3253,1.5136,3.1628,9.6668,2.328,2623.5273,0.0901
Profile(20260401_184159).csv,cubetest,100,r.TemporalAACurrentFrameWeight,0.5,300,33.33,1.5074,3.1091,13.5959,2.3324,2623.7773,0.1992
Profile(20260401_184223).csv,cubetest,100,r.TemporalAACurrentFrameWeight,0.6,300,33.3276,1.5214,3.1929,9.4792,2.3305,2622.5273,0.086
Profile(20260401_184247).csv,cubetest,100,r.TemporalAACurrentFrameWeight,0.7,300,33.3247,1.474,3.1121,13.3386,2.3193,2623.5273,0.2058
Profile(20260401_184311).csv,cubetest,100,r.TemporalAACurrentFrameWeight,0.8,300,33.3365,1.4761,3.0597,8.8898,2.3392,2622.5273,0.085
Profile(20260401_184336).csv,cubetest,100,r.TemporalAACurrentFrameWeight,0.9,300,33.3391,1.5109,3.0362,9.7496,2.3101,2622.3398,0.0932
Profile(20260401_184400).csv,cubetest,100,r.TemporalAACurrentFrameWeight,1.0,300,33.3306,1.537,3.106,10.4536,2.341,2623.7773,0.0947
Profile(20260401_184424).csv,cubetest,100,r.TemporalAASamples,4.0,300,33.3312,1.4807,3.0597,7.0048,2.2958,2622.5273,0.0707
Profile(20260401_184448).csv,cubetest,100,r.TemporalAASamples,8.0,300,33.3389,1.515,3.1044,13.2368,2.3002,2622.2773,0.2089
Profile(20260401_184513).csv,cubetest,100,r.TemporalAASamples,16.0,300,33.33,1.4832,3.0256,9.8087,2.2928,2623.5273,0.0901
Profile(20260401_184537).csv,cubetest,100,r.TemporalAASamples,32.0,300,33.3442,1.5061,3.1308,13.3498,2.3606,2623.7773,0.2089
Profile(20260401_184601).csv,cubetest,100,r.TemporalAASamples,64.0,300,33.3358,1.5082,3.1684,9.6974,2.2697,2622.7773,0.0881
Profile(20260401_184626).csv,cubetest,100,r.TemporalAAFilterSize,0.1,300,33.3326,1.5184,3.1272,7.8318,2.3041,2622.5273,0.0764
Profile(20260401_184650).csv,cubetest,100,r.TemporalAAFilterSize,0.25,300,33.3355,1.501,3.0541,13.6986,2.2686,2623.7773,0.2396
Profile(20260401_184714).csv,cubetest,100,r.TemporalAAFilterSize,0.5,300,33.335,1.5231,3.0702,9.7352,2.3152,2622.5273,0.0911
Profile(20260401_184738).csv,cubetest,100,r.TemporalAAFilterSize,0.7,300,33.3368,1.5244,3.2156,9.696,2.4193,2623.5273,0.087
Profile(20260401_184803).csv,cubetest,100,r.TemporalAAFilterSize,0.9,300,33.3359,1.4524,3.1073,11.4683,2.3925,2624.5273,0.1469
Profile(20260401_184827).csv,cubetest,100,r.TemporalAAFilterSize,0.95,300,33.3455,1.5383,3.3689,13.76,2.3558,2623.5273,0.2468
Profile(20260401_184851).csv,cubetest,100,r.TemporalAAFilterSize,1.0,300,33.3367,1.52,3.0459,13.3244,2.3095,2623.5273,0.1996
Profile(20260401_184915).csv,cubetest,100,r.TemporalAA.HistoryScreenPercentage,100.0,300,33.3377,1.503,3.1504,9.6748,2.2824,2622.5273,0.0871
Profile(20260401_184940).csv,cubetest,100,r.TemporalAA.HistoryScreenPercentage,125.0,300,33.33,1.5079,3.0863,13.087,2.3515,2623.5273,0.2059
Profile(20260401_185004).csv,cubetest,100,r.TemporalAA.HistoryScreenPercentage,150.0,300,33.334,1.4831,3.067,13.062,2.325,2623.9023,0.2043
Profile(20260401_185028).csv,cubetest,100,r.TemporalAA.HistoryScreenPercentage,200.0,300,33.337,1.5217,3.1482,9.8059,2.3353,2623.5273,0.0917
Profile(20260401_185052).csv,cubetest,87,r.TemporalAACurrentFrameWeight,0.01,300,33.3315,1.4754,3.1067,13.2349,2.3348,2560.8398,0.2293
Profile(20260401_185117).csv,cubetest,87,r.TemporalAACurrentFrameWeight,0.02,300,33.3354,1.4526,3.0422,13.2769,2.3306,2561.7148,0.2734
Profile(20260401_185141).csv,cubetest,87,r.TemporalAACurrentFrameWeight,0.04,300,33.3288,1.5184,3.1344,13.181,2.3829,2561.8398,0.2274
Profile(20260401_185205).csv,cubetest,87,r.TemporalAACurrentFrameWeight,0.06,300,33.33,1.5135,3.0715,13.2528,2.3412,2561.0898,0.2284
Profile(20260401_185230).csv,cubetest,87,r.TemporalAACurrentFrameWeight,0.1,300,33.3314,1.5003,3.1212,13.2052,2.3463,2560.5898,0.2335
Profile(20260401_185254).csv,cubetest,87,r.TemporalAACurrentFrameWeight,0.2,300,33.3328,1.4816,3.087,13.1668,2.3264,2560.8398,0.2356
Profile(20260401_185318).csv,cubetest,87,r.TemporalAACurrentFrameWeight,0.5,300,33.3326,1.4873,3.1464,13.1796,2.3397,2560.8398,0.2325
Profile(20260401_185342).csv,cubetest,87,r.TemporalAACurrentFrameWeight,0.6,300,33.3273,1.488,3.022,13.2144,2.2707,2560.7148,0.2335
Profile(20260401_185406).csv,cubetest,87,r.TemporalAACurrentFrameWeight,0.7,300,33.3334,1.4854,3.1015,13.2563,2.3357,2562.5898,0.2274
Profile(20260401_185431).csv,cubetest,87,r.TemporalAACurrentFrameWeight,0.8,300,33.3352,1.5309,3.1442,13.2282,2.3136,2561.5898,0.233
Profile(20260401_185455).csv,cubetest,87,r.TemporalAACurrentFrameWeight,0.9,300,33.3344,1.4794,3.0451,13.0988,2.2844,2560.5898,0.2294
Profile(20260401_185519).csv,cubetest,87,r.TemporalAACurrentFrameWeight,1.0,300,33.3312,1.5216,3.157,13.205,2.375,2562.8398,0.2273
Profile(20260401_185544).csv,cubetest,87,r.TemporalAASamples,4.0,300,33.334,1.4933,3.0247,13.1156,2.2756,2562.5898,0.2304
Profile(20260401_185608).csv,cubetest,87,r.TemporalAASamples,8.0,300,33.3319,1.475,3.0942,13.2452,2.3834,2562.8398,0.2253
Profile(20260401_185632).csv,cubetest,87,r.TemporalAASamples,16.0,300,33.3442,1.5262,3.1379,13.1331,2.3842,2560.8398,0.2284
Profile(20260401_185656).csv,cubetest,87,r.TemporalAASamples,32.0,300,33.3322,1.4968,3.1402,13.153,2.3361,2560.0898,0.2294
Profile(20260401_185721).csv,cubetest,87,r.TemporalAASamples,64.0,300,33.3306,1.503,3.1349,7.7255,2.3764,2561.7148,0.0701
Profile(20260401_185745).csv,cubetest,87,r.TemporalAAFilterSize,0.1,300,33.3268,1.5131,3.1246,13.2006,2.2746,2560.5898,0.2284
Profile(20260401_185809).csv,cubetest,87,r.TemporalAAFilterSize,0.25,300,33.3332,1.4796,3.0534,12.8764,2.3099,2560.5898,0.2232
Profile(20260401_185834).csv,cubetest,87,r.TemporalAAFilterSize,0.5,300,33.3402,1.5378,3.098,13.2227,2.319,2562.8398,0.2335
Profile(20260401_185858).csv,cubetest,87,r.TemporalAAFilterSize,0.7,300,33.3355,1.4975,3.1196,13.1684,2.2991,2562.5898,0.237
Profile(20260401_185922).csv,cubetest,87,r.TemporalAAFilterSize,0.9,300,33.3339,1.4491,3.0316,13.1694,2.2734,2561.8398,0.2494
Profile(20260401_185946).csv,cubetest,87,r.TemporalAAFilterSize,0.95,300,33.3355,1.5025,3.0832,13.1656,2.322,2560.8398,0.2524
Profile(20260401_190010).csv,cubetest,87,r.TemporalAAFilterSize,1.0,300,33.332,1.4928,3.0644,13.2059,2.3119,2561.5898,0.2253
Profile(20260401_190035).csv,cubetest,87,r.TemporalAA.HistoryScreenPercentage,100.0,300,33.3292,1.5374,3.1844,13.1702,2.3518,2560.8398,0.239
Profile(20260401_190059).csv,cubetest,87,r.TemporalAA.HistoryScreenPercentage,125.0,300,33.3336,1.4798,3.1274,13.2285,2.3622,2560.0898,0.2304
Profile(20260401_190123).csv,cubetest,87,r.TemporalAA.HistoryScreenPercentage,150.0,300,33.3366,1.497,3.1981,12.6256,2.3652,2560.8398,0.2201
Profile(20260401_190148).csv,cubetest,87,r.TemporalAA.HistoryScreenPercentage,200.0,300,33.335,1.5054,3.0864,13.2533,2.3418,2560.8398,0.2535
Profile(20260401_190212).csv,cubetest,71,r.TemporalAACurrentFrameWeight,0.01,300,33.3358,1.469,3.0366,6.6526,2.35,2478.0586,0.06
Profile(20260401_190236).csv,cubetest,71,r.TemporalAACurrentFrameWeight,0.02,300,33.3316,1.5026,3.0296,10.3845,2.3021,2478.0586,0.219
Profile(20260401_190301).csv,cubetest,71,r.TemporalAACurrentFrameWeight,0.04,300,33.3261,1.5227,3.0695,7.3412,2.319,2478.8086,0.067
Profile(20260401_190325).csv,cubetest,71,r.TemporalAACurrentFrameWeight,0.06,300,33.3381,1.482,3.0219,10.9935,2.2782,2478.5586,0.2181
Profile(20260401_190349).csv,cubetest,71,r.TemporalAACurrentFrameWeight,0.1,300,33.3176,1.5293,3.1424,10.3486,2.2638,2478.5586,0.2201
Profile(20260401_190413).csv,cubetest,71,r.TemporalAACurrentFrameWeight,0.2,300,33.3271,1.4933,3.1178,11.0095,2.2627,2478.5586,0.2263
Profile(20260401_190437).csv,cubetest,71,r.TemporalAACurrentFrameWeight,0.5,300,33.33,1.4983,3.0614,6.6726,2.3016,2478.5586,0.0636
Profile(20260401_190502).csv,cubetest,71,r.TemporalAACurrentFrameWeight,0.6,300,33.338,1.4741,3.0606,7.4966,2.2963,2477.5586,0.0675
Profile(20260401_190526).csv,cubetest,71,r.TemporalAACurrentFrameWeight,0.7,300,33.3401,1.4984,3.123,11.2067,2.3795,2477.6836,0.2243
Profile(20260401_190550).csv,cubetest,71,r.TemporalAACurrentFrameWeight,0.8,300,33.3318,1.5019,3.0857,6.6003,2.3472,2477.3086,0.0645
Profile(20260401_190615).csv,cubetest,71,r.TemporalAACurrentFrameWeight,0.9,300,33.342,1.506,3.1018,10.7242,2.3583,2478.0586,0.2166
Profile(20260401_190639).csv,cubetest,71,r.TemporalAACurrentFrameWeight,1.0,300,33.3333,1.5014,3.086,6.6033,2.3294,2477.8086,0.0645
Profile(20260401_190703).csv,cubetest,71,r.TemporalAASamples,4.0,300,33.3395,1.5266,3.1188,6.1294,2.3631,2480.5586,0.0604
Profile(20260401_190727).csv,cubetest,71,r.TemporalAASamples,8.0,300,33.3475,1.4837,3.1548,10.9549,2.3536,2480.3086,0.2221
Profile(20260401_190751).csv,cubetest,71,r.TemporalAASamples,16.0,300,33.3328,1.4882,3.094,8.4218,2.3324,2477.5586,0.0825
Profile(20260401_190816).csv,cubetest,71,r.TemporalAASamples,32.0,300,33.3375,1.4716,3.0694,11.1429,2.3032,2477.3086,0.2232
Profile(20260401_190840).csv,cubetest,71,r.TemporalAASamples,64.0,300,33.3394,1.5564,3.1374,6.6132,2.3312,2477.5586,0.0701
Profile(20260401_190904).csv,cubetest,71,r.TemporalAAFilterSize,0.1,300,33.3337,1.55,3.1688,10.3583,2.3212,2478.5586,0.2136
Profile(20260401_190928).csv,cubetest,71,r.TemporalAAFilterSize,0.25,300,33.3384,1.5166,3.0843,6.6634,2.297,2479.5586,0.0584
Profile(20260401_190953).csv,cubetest,71,r.TemporalAAFilterSize,0.5,300,33.3346,1.5273,3.1409,10.893,2.3979,2478.5586,0.2171
Profile(20260401_191017).csv,cubetest,71,r.TemporalAAFilterSize,0.7,300,33.3301,1.505,3.0988,6.6331,2.3597,2477.5586,0.065
Profile(20260401_191041).csv,cubetest,71,r.TemporalAAFilterSize,0.9,300,33.3358,1.4669,3.0645,10.6049,2.3467,2478.5586,0.2211
Profile(20260401_191105).csv,cubetest,71,r.TemporalAAFilterSize,0.95,300,33.3406,1.499,3.0922,7.703,2.349,2478.8086,0.0708
Profile(20260401_191130).csv,cubetest,71,r.TemporalAAFilterSize,1.0,300,33.344,1.5258,3.141,6.5901,2.4296,2477.5586,0.0702
Profile(20260401_191154).csv,cubetest,71,r.TemporalAA.HistoryScreenPercentage,100.0,300,33.3278,1.4969,3.1084,5.5032,2.4346,2477.8086,0.0532
Profile(20260401_191218).csv,cubetest,71,r.TemporalAA.HistoryScreenPercentage,125.0,300,33.3306,1.4868,3.039,10.3028,2.2835,2477.8086,0.2191
Profile(20260401_191243).csv,cubetest,71,r.TemporalAA.HistoryScreenPercentage,150.0,300,33.3404,1.5291,3.14,10.8172,2.3372,2478.8086,0.2253
Profile(20260401_191307).csv,cubetest,71,r.TemporalAA.HistoryScreenPercentage,200.0,300,33.3367,1.4496,3.0225,10.456,2.3383,2478.5586,0.216
Profile(20260401_191331).csv,cubetest,50,r.TemporalAACurrentFrameWeight,0.01,300,33.3359,1.4751,3.0779,8.9852,2.288,2420.3672,0.1612
Profile(20260401_191355).csv,cubetest,50,r.TemporalAACurrentFrameWeight,0.02,300,33.3351,1.5184,3.066,9.2648,2.3468,2420.3672,0.1597
Profile(20260401_191420).csv,cubetest,50,r.TemporalAACurrentFrameWeight,0.04,300,33.3255,1.4779,3.0511,9.1832,2.2864,2421.1172,0.1577
Profile(20260401_191444).csv,cubetest,50,r.TemporalAACurrentFrameWeight,0.06,300,33.3318,1.5183,3.0834,8.8797,2.3244,2419.2422,0.1494
Profile(20260401_191508).csv,cubetest,50,r.TemporalAACurrentFrameWeight,0.1,300,33.3328,1.4435,3.0071,9.365,2.3091,2420.3672,0.1607
Profile(20260401_191532).csv,cubetest,50,r.TemporalAACurrentFrameWeight,0.2,300,33.3358,1.5156,3.136,9.391,2.3526,2421.1172,0.1505
Profile(20260401_191557).csv,cubetest,50,r.TemporalAACurrentFrameWeight,0.5,300,33.3414,1.5204,3.179,9.2708,2.2926,2419.1172,0.1556
Profile(20260401_191621).csv,cubetest,50,r.TemporalAACurrentFrameWeight,0.6,300,33.3334,1.5084,3.111,9.2597,2.3408,2419.4922,0.1572
Profile(20260401_191645).csv,cubetest,50,r.TemporalAACurrentFrameWeight,0.7,300,33.3367,1.5052,3.0983,9.3433,2.2948,2420.2422,0.1598
Profile(20260401_191709).csv,cubetest,50,r.TemporalAACurrentFrameWeight,0.8,300,33.3414,1.4894,3.0907,8.993,2.3358,2420.3672,0.1638
Profile(20260401_191734).csv,cubetest,50,r.TemporalAACurrentFrameWeight,0.9,300,33.3302,1.4825,3.0539,9.3293,2.3425,2419.1172,0.1639
Profile(20260401_191758).csv,cubetest,50,r.TemporalAACurrentFrameWeight,1.0,300,33.3382,1.555,3.1156,8.699,2.3252,2419.1172,0.1531
Profile(20260401_191822).csv,cubetest,50,r.TemporalAASamples,4.0,300,33.3354,1.5074,3.132,9.4322,2.3479,2420.3672,0.1587
Profile(20260401_191846).csv,cubetest,50,r.TemporalAASamples,8.0,300,33.3256,1.4998,3.0764,9.3562,2.3328,2420.1172,0.1649
Profile(20260401_191911).csv,cubetest,50,r.TemporalAASamples,16.0,300,33.331,1.4888,3.0206,9.3678,2.3045,2420.1172,0.1628
Profile(20260401_191935).csv,cubetest,50,r.TemporalAASamples,32.0,300,33.3334,1.5177,3.13,9.1946,2.4196,2419.4922,0.1607
Profile(20260401_191959).csv,cubetest,50,r.TemporalAASamples,64.0,300,33.334,1.5103,3.0966,9.4005,2.3377,2419.2422,0.1649
Profile(20260401_192023).csv,cubetest,50,r.TemporalAAFilterSize,0.1,300,33.3325,1.5144,3.084,9.041,2.3226,2420.3672,0.1628
Profile(20260401_192048).csv,cubetest,50,r.TemporalAAFilterSize,0.25,300,33.3334,1.4722,3.0273,9.3192,2.2876,2420.1172,0.1638
Profile(20260401_192112).csv,cubetest,50,r.TemporalAAFilterSize,0.5,300,33.3306,1.4681,3.0325,9.2169,2.301,2421.4922,0.1644
Profile(20260401_192136).csv,cubetest,50,r.TemporalAAFilterSize,0.7,300,33.341,1.4979,3.0658,9.4094,2.2598,2419.2422,0.1567
Profile(20260401_192201).csv,cubetest,50,r.TemporalAAFilterSize,0.9,300,33.3376,1.5164,3.1816,9.3742,2.2704,2420.1172,0.1577
Profile(20260401_192225).csv,cubetest,50,r.TemporalAAFilterSize,0.95,300,33.3322,1.4928,3.0764,9.1702,2.3444,2420.1172,0.1607
Profile(20260401_192249).csv,cubetest,50,r.TemporalAAFilterSize,1.0,300,33.3374,1.479,3.0411,9.2486,2.2502,2420.2422,0.1536
Profile(20260401_192313).csv,cubetest,50,r.TemporalAA.HistoryScreenPercentage,100.0,300,33.3314,1.4626,3.0225,9.4276,2.2954,2420.3672,0.1638
Profile(20260401_192338).csv,cubetest,50,r.TemporalAA.HistoryScreenPercentage,125.0,300,33.3322,1.4899,3.1505,9.2765,2.3255,2419.8672,0.1566
Profile(20260401_192402).csv,cubetest,50,r.TemporalAA.HistoryScreenPercentage,150.0,300,33.3414,1.5183,3.0586,9.3245,2.3216,2420.1172,0.1658
Profile(20260401_192426).csv,cubetest,50,r.TemporalAA.HistoryScreenPercentage,200.0,300,33.3339,1.5352,3.1517,8.6499,2.356,2420.3672,0.1454
Profile(20260401_193056).csv,abandoned-demo,100,r.TemporalAACurrentFrameWeight,0.01,300,33.3398,1.4878,2.9388,13.5963,1.949,2618.2461,0.1746
Profile(20260401_193120).csv,abandoned-demo,100,r.TemporalAACurrentFrameWeight,0.02,300,33.3382,1.4188,2.8446,13.6322,1.9306,2618.2461,0.1884
Profile(20260401_193144).csv,abandoned-demo,100,r.TemporalAACurrentFrameWeight,0.04,300,33.3246,1.4631,2.895,13.6037,1.9668,2614.9961,0.1853
Profile(20260401_193208).csv,abandoned-demo,100,r.TemporalAACurrentFrameWeight,0.06,300,33.334,1.4152,2.828,13.6186,1.9759,2617.4961,0.1843
Profile(20260401_193233).csv,abandoned-demo,100,r.TemporalAACurrentFrameWeight,0.1,300,33.3314,1.4926,2.8869,13.5704,1.9378,2615.9961,0.1813
Profile(20260401_193304).csv,abandoned-demo,100,r.TemporalAACurrentFrameWeight,0.2,300,33.3387,1.4535,2.8645,13.5934,1.9084,2618.2461,0.1822
Profile(20260401_193327).csv,abandoned-demo,100,r.TemporalAACurrentFrameWeight,0.5,300,33.3342,1.4523,2.8758,13.3798,1.9565,2617.2461,0.169
Profile(20260401_193352).csv,abandoned-demo,100,r.TemporalAACurrentFrameWeight,0.6,300,33.3383,1.4187,2.9045,13.737,1.8494,2615.8086,0.1879
Profile(20260401_193416).csv,abandoned-demo,100,r.TemporalAACurrentFrameWeight,0.7,300,33.3233,1.4213,2.8542,13.6766,1.9782,2616.6211,0.1782
Profile(20260401_193440).csv,abandoned-demo,100,r.TemporalAACurrentFrameWeight,0.8,300,33.3353,1.457,2.8768,13.6668,1.8955,2616.2461,0.1854
Profile(20260401_193504).csv,abandoned-demo,100,r.TemporalAACurrentFrameWeight,0.9,300,33.3318,1.4396,2.8582,13.5627,1.9264,2616.7461,0.1812
Profile(20260401_193529).csv,abandoned-demo,100,r.TemporalAACurrentFrameWeight,1.0,300,33.3374,1.4725,2.9032,13.7121,1.9289,2614.7461,0.1802
Profile(20260401_193553).csv,abandoned-demo,100,r.TemporalAASamples,4.0,300,33.3341,1.472,2.8303,13.6546,1.95,2616.7461,0.1802
Profile(20260401_193617).csv,abandoned-demo,100,r.TemporalAASamples,8.0,300,33.3324,1.4486,2.8839,6.7882,2.002,2617.4961,0.0523
Profile(20260401_193641).csv,abandoned-demo,100,r.TemporalAASamples,16.0,300,33.3387,1.4616,2.9415,13.4883,1.9426,2618.2461,0.1721
Profile(20260401_193706).csv,abandoned-demo,100,r.TemporalAASamples,32.0,300,33.3318,1.4657,2.8615,13.6804,1.9666,2616.9961,0.173
Profile(20260401_193730).csv,abandoned-demo,100,r.TemporalAASamples,64.0,300,33.3346,1.5046,2.9372,13.6784,1.9404,2616.2461,0.1787
Profile(20260401_193754).csv,abandoned-demo,100,r.TemporalAAFilterSize,0.1,300,33.3308,1.4243,2.8646,13.5582,1.9499,2615.4961,0.1812
Profile(20260401_193818).csv,abandoned-demo,100,r.TemporalAAFilterSize,0.25,300,33.3454,1.4646,2.9012,13.6356,1.9282,2615.9961,0.1802
Profile(20260401_193843).csv,abandoned-demo,100,r.TemporalAAFilterSize,0.5,300,33.3306,1.5023,2.9072,13.6176,1.9285,2615.2461,0.1833
Profile(20260401_193907).csv,abandoned-demo,100,r.TemporalAAFilterSize,0.7,300,33.3375,1.4343,2.8246,13.7568,1.8678,2616.7461,0.1792
Profile(20260401_193931).csv,abandoned-demo,100,r.TemporalAAFilterSize,0.9,300,33.3312,1.4529,2.8646,13.5858,1.9368,2615.9961,0.1751
Profile(20260401_193955).csv,abandoned-demo,100,r.TemporalAAFilterSize,0.95,300,33.3288,1.48,2.9134,13.739,1.89,2614.9961,0.1751
Profile(20260401_194020).csv,abandoned-demo,100,r.TemporalAAFilterSize,1.0,300,33.3404,1.4232,2.827,13.6178,1.9046,2615.4961,0.1792
Profile(20260401_194044).csv,abandoned-demo,100,r.TemporalAA.HistoryScreenPercentage,100.0,300,33.3306,1.4588,2.8625,13.573,1.9108,2615.4961,0.1864
Profile(20260401_194108).csv,abandoned-demo,100,r.TemporalAA.HistoryScreenPercentage,125.0,300,33.3364,1.4152,2.8046,13.7426,1.8896,2615.9961,0.171
Profile(20260401_194132).csv,abandoned-demo,100,r.TemporalAA.HistoryScreenPercentage,150.0,300,33.3431,1.4699,2.9142,13.6084,1.9434,2616.2461,0.1761
Profile(20260401_194157).csv,abandoned-demo,100,r.TemporalAA.HistoryScreenPercentage,200.0,300,33.3232,1.4529,2.9199,13.5096,1.9602,2617.1211,0.1812
Profile(20260401_194221).csv,abandoned-demo,87,r.TemporalAACurrentFrameWeight,0.01,300,33.3296,1.4685,2.8545,11.7128,1.9788,2559.6836,0.1577
Profile(20260401_194245).csv,abandoned-demo,87,r.TemporalAACurrentFrameWeight,0.02,300,33.3246,1.444,2.846,8.5515,1.9478,2561.9336,0.1362
Profile(20260401_194309).csv,abandoned-demo,87,r.TemporalAACurrentFrameWeight,0.04,300,33.322,1.4336,2.912,6.7243,2.0,2562.6836,0.0517
Profile(20260401_194334).csv,abandoned-demo,87,r.TemporalAACurrentFrameWeight,0.06,300,33.3284,1.4516,2.8439,9.5079,1.9564,2559.9336,0.0768
Profile(20260401_194358).csv,abandoned-demo,87,r.TemporalAACurrentFrameWeight,0.1,300,33.3306,1.4512,2.8989,12.5013,2.005,2560.1836,0.1669
Profile(20260401_194422).csv,abandoned-demo,87,r.TemporalAACurrentFrameWeight,0.2,300,33.333,1.4663,2.884,12.3892,1.9259,2560.5586,0.1618
Profile(20260401_194446).csv,abandoned-demo,87,r.TemporalAACurrentFrameWeight,0.5,300,33.3392,1.4741,2.8793,7.0534,1.9412,2560.1836,0.0553
Profile(20260401_194511).csv,abandoned-demo,87,r.TemporalAACurrentFrameWeight,0.6,300,33.3274,1.4442,2.8614,12.1854,1.9772,2560.1836,0.1587
Profile(20260401_194535).csv,abandoned-demo,87,r.TemporalAACurrentFrameWeight,0.7,300,33.3303,1.4996,2.9848,9.113,2.0199,2561.1836,0.1203
Profile(20260401_194559).csv,abandoned-demo,87,r.TemporalAACurrentFrameWeight,0.8,300,33.3388,1.4655,2.9318,12.5508,1.9263,2562.9336,0.1644
Profile(20260401_194623).csv,abandoned-demo,87,r.TemporalAACurrentFrameWeight,0.9,300,33.3286,1.535,2.9615,7.0598,1.9744,2560.4336,0.0553
Profile(20260401_194648).csv,abandoned-demo,87,r.TemporalAACurrentFrameWeight,1.0,300,33.3327,1.4621,2.8801,6.7302,1.9209,2560.1836,0.0533
Profile(20260401_194712).csv,abandoned-demo,87,r.TemporalAASamples,4.0,300,33.3273,1.4619,2.8747,6.6891,1.9233,2563.9336,0.0522
Profile(20260401_194736).csv,abandoned-demo,87,r.TemporalAASamples,8.0,300,33.3295,1.4342,2.8617,12.3388,1.97,2562.6836,0.1598
Profile(20260401_194800).csv,abandoned-demo,87,r.TemporalAASamples,16.0,300,33.3484,1.4615,2.9111,12.4822,1.987,2562.9336,0.1639
Profile(20260401_194825).csv,abandoned-demo,87,r.TemporalAASamples,32.0,300,33.3469,1.4981,2.9541,5.9591,2.0048,2560.9336,0.0451
Profile(20260401_194849).csv,abandoned-demo,87,r.TemporalAASamples,64.0,300,33.3288,1.4828,2.8858,7.0678,1.9882,2562.1836,0.0563
Profile(20260401_194913).csv,abandoned-demo,87,r.TemporalAAFilterSize,0.1,300,33.335,1.4224,2.8868,12.3618,1.9697,2560.9336,0.1587
Profile(20260401_194937).csv,abandoned-demo,87,r.TemporalAAFilterSize,0.25,300,33.334,1.4743,2.9924,7.0412,1.9784,2561.1836,0.0563
Profile(20260401_195002).csv,abandoned-demo,87,r.TemporalAAFilterSize,0.5,300,33.3269,1.4697,2.9645,6.6554,2.0133,2562.1836,0.0532
Profile(20260401_195026).csv,abandoned-demo,87,r.TemporalAAFilterSize,0.7,300,33.3345,1.4777,2.9091,6.6887,1.9601,2562.3086,0.0532
Profile(20260401_195050).csv,abandoned-demo,87,r.TemporalAAFilterSize,0.9,300,33.3461,1.5015,2.9596,12.3816,1.9869,2559.9336,0.1629
Profile(20260401_195115).csv,abandoned-demo,87,r.TemporalAAFilterSize,0.95,300,33.3337,1.4493,2.8577,7.0132,1.933,2560.4336,0.0553
Profile(20260401_195139).csv,abandoned-demo,87,r.TemporalAAFilterSize,1.0,300,33.3314,1.4657,2.8881,12.1141,1.9389,2559.6836,0.1582
Profile(20260401_195203).csv,abandoned-demo,87,r.TemporalAA.HistoryScreenPercentage,100.0,300,33.332,1.4845,2.974,5.806,1.9285,2560.9336,0.045
Profile(20260401_195227).csv,abandoned-demo,87,r.TemporalAA.HistoryScreenPercentage,125.0,300,33.3264,1.5081,2.9229,6.6626,1.9478,2562.1836,0.0528
Profile(20260401_195252).csv,abandoned-demo,87,r.TemporalAA.HistoryScreenPercentage,150.0,300,33.3303,1.5352,3.0006,6.7523,1.9589,2560.1836,0.0538
Profile(20260401_195316).csv,abandoned-demo,87,r.TemporalAA.HistoryScreenPercentage,200.0,300,33.3235,1.4448,2.8692,6.9506,1.9482,2563.1836,0.0553
Profile(20260401_195340).csv,abandoned-demo,71,r.TemporalAACurrentFrameWeight,0.01,300,33.3396,1.4734,2.8758,9.8968,1.9588,2490.0898,0.1639
Profile(20260401_195404).csv,abandoned-demo,71,r.TemporalAACurrentFrameWeight,0.02,300,33.3388,1.4646,2.8112,9.8735,1.9538,2487.3398,0.1649
Profile(20260401_195429).csv,abandoned-demo,71,r.TemporalAACurrentFrameWeight,0.04,300,33.3284,1.5236,2.9544,10.129,1.9381,2487.5898,0.1679
Profile(20260401_195453).csv,abandoned-demo,71,r.TemporalAACurrentFrameWeight,0.06,300,33.3269,1.4432,2.9009,9.9016,1.9609,2490.0898,0.1644
Profile(20260401_195517).csv,abandoned-demo,71,r.TemporalAACurrentFrameWeight,0.1,300,33.3336,1.5099,2.9113,4.8426,2.005,2490.0898,0.0322
Profile(20260401_195541).csv,abandoned-demo,71,r.TemporalAACurrentFrameWeight,0.2,300,33.3249,1.521,2.9851,5.9786,1.984,2488.8398,0.0517
Profile(20260401_195606).csv,abandoned-demo,71,r.TemporalAACurrentFrameWeight,0.5,300,33.3236,1.4547,2.8476,9.8105,1.966,2487.5898,0.1557
Profile(20260401_195630).csv,abandoned-demo,71,r.TemporalAACurrentFrameWeight,0.6,300,33.34,1.4556,2.8593,9.9101,1.9509,2488.5898,0.1577
Profile(20260401_195654).csv,abandoned-demo,71,r.TemporalAACurrentFrameWeight,0.7,300,33.3464,1.4606,2.8804,10.0001,1.989,2489.8398,0.1659
Profile(20260401_195718).csv,abandoned-demo,71,r.TemporalAACurrentFrameWeight,0.8,300,33.3335,1.4455,2.8828,9.9429,2.005,2490.0898,0.1587
Profile(20260401_195743).csv,abandoned-demo,71,r.TemporalAACurrentFrameWeight,0.9,300,33.3346,1.5208,2.8812,9.6966,1.9844,2488.9648,0.1639
Profile(20260401_195807).csv,abandoned-demo,71,r.TemporalAACurrentFrameWeight,1.0,300,33.3382,1.4417,2.8408,9.9135,1.8938,2487.8398,0.1669
Profile(20260401_195831).csv,abandoned-demo,71,r.TemporalAASamples,4.0,300,33.3448,1.5346,2.9836,9.9888,1.9504,2490.0898,0.1618
Profile(20260401_195855).csv,abandoned-demo,71,r.TemporalAASamples,8.0,300,33.332,1.4975,2.9386,9.9138,1.9669,2487.3398,0.1679
Profile(20260401_195920).csv,abandoned-demo,71,r.TemporalAASamples,16.0,300,33.3345,1.4696,2.9155,5.3186,2.0502,2487.0898,0.044
Profile(20260401_195944).csv,abandoned-demo,71,r.TemporalAASamples,32.0,300,33.3344,1.4294,2.8193,10.0788,1.9067,2490.0898,0.1597
Profile(20260401_200008).csv,abandoned-demo,71,r.TemporalAASamples,64.0,300,33.34,1.4594,2.8865,9.678,1.9464,2487.2148,0.1628
Profile(20260401_200033).csv,abandoned-demo,71,r.TemporalAAFilterSize,0.1,300,33.327,1.5221,2.9501,9.856,1.9654,2490.3398,0.1638
Profile(20260401_200057).csv,abandoned-demo,71,r.TemporalAAFilterSize,0.25,300,33.3374,1.5528,3.0515,10.087,1.9832,2491.0898,0.1659
Profile(20260401_200121).csv,abandoned-demo,71,r.TemporalAAFilterSize,0.5,300,33.3434,1.4722,2.875,10.1397,1.9547,2490.3398,0.1628
Profile(20260401_200145).csv,abandoned-demo,71,r.TemporalAAFilterSize,0.7,300,33.3389,1.482,2.9042,9.8408,1.946,2487.0898,0.1598
Profile(20260401_200210).csv,abandoned-demo,71,r.TemporalAAFilterSize,0.9,300,33.3303,1.4074,2.7843,9.9803,1.922,2489.0898,0.1587
Profile(20260401_200234).csv,abandoned-demo,71,r.TemporalAAFilterSize,0.95,300,33.3338,1.4818,2.9296,10.0215,1.9545,2490.3398,0.1649
Profile(20260401_200258).csv,abandoned-demo,71,r.TemporalAAFilterSize,1.0,300,33.3511,1.4586,2.9004,9.8517,2.016,2488.0898,0.1587
Profile(20260401_200322).csv,abandoned-demo,71,r.TemporalAA.HistoryScreenPercentage,100.0,300,33.329,1.4304,2.8192,10.071,1.9244,2487.8398,0.1649
Profile(20260401_200347).csv,abandoned-demo,71,r.TemporalAA.HistoryScreenPercentage,125.0,300,33.3376,1.4429,2.8484,9.7796,1.9007,2487.8398,0.1648
Profile(20260401_200411).csv,abandoned-demo,71,r.TemporalAA.HistoryScreenPercentage,150.0,300,33.326,1.4293,2.8334,9.9824,1.8838,2487.8398,0.1639
Profile(20260401_200435).csv,abandoned-demo,71,r.TemporalAA.HistoryScreenPercentage,200.0,300,33.3328,1.529,2.9478,9.8732,1.949,2487.8398,0.1658
Profile(20260401_200459).csv,abandoned-demo,50,r.TemporalAACurrentFrameWeight,0.01,300,33.3514,1.4333,2.8712,8.1382,2.0456,2438.3984,0.1259
Profile(20260401_200524).csv,abandoned-demo,50,r.TemporalAACurrentFrameWeight,0.02,300,33.3333,1.4415,2.8278,7.9626,1.9304,2437.3984,0.127
Profile(20260401_200548).csv,abandoned-demo,50,r.TemporalAACurrentFrameWeight,0.04,300,33.3246,1.4542,2.8235,8.0241,1.9218,2440.3984,0.127
Profile(20260401_200612).csv,abandoned-demo,50,r.TemporalAACurrentFrameWeight,0.06,300,33.341,1.4446,2.8551,7.978,1.9719,2439.3984,0.1198
Profile(20260401_200636).csv,abandoned-demo,50,r.TemporalAACurrentFrameWeight,0.1,300,33.3366,1.4812,2.8726,8.1033,1.9464,2437.3984,0.1321
Profile(20260401_200701).csv,abandoned-demo,50,r.TemporalAACurrentFrameWeight,0.2,300,33.3412,1.5318,2.945,8.1672,2.0023,2438.3984,0.1331
Profile(20260401_200725).csv,abandoned-demo,50,r.TemporalAACurrentFrameWeight,0.5,300,33.3304,1.4512,2.8644,8.0342,1.9914,2439.5234,0.128
Profile(20260401_200749).csv,abandoned-demo,50,r.TemporalAACurrentFrameWeight,0.6,300,33.346,1.4407,2.8687,8.0264,2.0146,2438.1484,0.131
Profile(20260401_200814).csv,abandoned-demo,50,r.TemporalAACurrentFrameWeight,0.7,300,33.3333,1.4388,2.8254,8.0214,1.961,2438.6484,0.1249
Profile(20260401_200838).csv,abandoned-demo,50,r.TemporalAACurrentFrameWeight,0.8,300,33.325,1.4424,2.871,7.9827,1.9753,2438.1484,0.129
Profile(20260401_200902).csv,abandoned-demo,50,r.TemporalAACurrentFrameWeight,0.9,300,33.3426,1.4857,2.8956,8.1993,1.9934,2438.3984,0.129
Profile(20260401_200926).csv,abandoned-demo,50,r.TemporalAACurrentFrameWeight,1.0,300,33.3296,1.4837,2.9108,8.019,1.9837,2439.5234,0.127
Profile(20260401_200951).csv,abandoned-demo,50,r.TemporalAASamples,4.0,300,33.3395,1.4977,2.9274,8.0193,1.9188,2437.8984,0.1311
Profile(20260401_201015).csv,abandoned-demo,50,r.TemporalAASamples,8.0,300,33.334,1.4636,2.9352,7.8347,1.998,2437.3984,0.125
Profile(20260401_201039).csv,abandoned-demo,50,r.TemporalAASamples,16.0,300,33.3209,1.436,2.8252,8.1428,1.908,2439.6484,0.128
Profile(20260401_201103).csv,abandoned-demo,50,r.TemporalAASamples,32.0,300,33.3268,1.4931,2.8263,7.9682,1.9426,2439.5234,0.1209
Profile(20260401_201128).csv,abandoned-demo,50,r.TemporalAASamples,64.0,300,33.3436,1.465,2.8867,7.9244,1.946,2439.3984,0.1301
Profile(20260401_201152).csv,abandoned-demo,50,r.TemporalAAFilterSize,0.1,300,33.3254,1.4767,2.8709,8.1642,1.9818,2440.3984,0.13
Profile(20260401_201216).csv,abandoned-demo,50,r.TemporalAAFilterSize,0.25,300,33.3359,1.4841,2.9061,7.9634,1.9808,2438.1484,0.1291
Profile(20260401_201240).csv,abandoned-demo,50,r.TemporalAAFilterSize,0.5,300,33.3416,1.5336,2.9612,8.1668,1.9372,2438.3984,0.127
Profile(20260401_201305).csv,abandoned-demo,50,r.TemporalAAFilterSize,0.7,300,33.3324,1.4896,2.9884,8.0508,2.0336,2440.1484,0.1239
Profile(20260401_201329).csv,abandoned-demo,50,r.TemporalAAFilterSize,0.9,300,33.3347,1.5323,2.9622,7.956,1.9504,2438.6484,0.126
Profile(20260401_201353).csv,abandoned-demo,50,r.TemporalAAFilterSize,0.95,300,33.3298,1.4614,2.93,8.0238,2.0133,2440.1484,0.1101
Profile(20260401_201418).csv,abandoned-demo,50,r.TemporalAAFilterSize,1.0,300,33.3414,1.4697,2.9092,7.9226,1.9672,2439.3984,0.127
Profile(20260401_201442).csv,abandoned-demo,50,r.TemporalAA.HistoryScreenPercentage,100.0,300,33.3418,1.4625,2.8876,8.0855,1.9629,2438.2734,0.1249
Profile(20260401_201506).csv,abandoned-demo,50,r.TemporalAA.HistoryScreenPercentage,125.0,300,33.3312,1.4334,2.8456,8.0505,1.9524,2438.5234,0.128
Profile(20260401_201530).csv,abandoned-demo,50,r.TemporalAA.HistoryScreenPercentage,150.0,300,33.3254,1.4809,2.8979,8.0586,2.0328,2441.3984,0.1188
Profile(20260401_201555).csv,abandoned-demo,50,r.TemporalAA.HistoryScreenPercentage,200.0,300,33.3482,1.4404,2.8468,8.0593,1.8348,2437.6484,0.126
Profile(20260401_202926).csv,abandoned-flipped,100,r.TemporalAACurrentFrameWeight,0.01,300,33.3358,1.502,3.3364,13.7,2.0262,2812.8438,0.1731
Profile(20260401_202950).csv,abandoned-flipped,100,r.TemporalAACurrentFrameWeight,0.02,300,33.3432,1.5062,3.2578,13.6798,1.9683,2810.5938,0.1771
Profile(20260401_203014).csv,abandoned-flipped,100,r.TemporalAACurrentFrameWeight,0.04,300,33.3355,1.4245,3.2379,13.5756,2.0168,2809.5938,0.17
Profile(20260401_203038).csv,abandoned-flipped,100,r.TemporalAACurrentFrameWeight,0.06,300,33.3401,1.4761,3.2295,13.584,1.9591,2809.0938,0.172
Profile(20260401_203103).csv,abandoned-flipped,100,r.TemporalAACurrentFrameWeight,0.1,300,33.3384,1.4615,3.2434,13.56,1.9584,2811.8438,0.1669
Profile(20260401_203127).csv,abandoned-flipped,100,r.TemporalAACurrentFrameWeight,0.2,300,33.3266,1.5035,3.2657,13.6085,1.9924,2809.5938,0.173
Profile(20260401_203151).csv,abandoned-flipped,100,r.TemporalAACurrentFrameWeight,0.5,300,33.352,1.4724,3.3011,13.517,2.0416,2809.5938,0.1715
Profile(20260401_203216).csv,abandoned-flipped,100,r.TemporalAACurrentFrameWeight,0.6,300,33.3345,1.4546,3.2076,13.5568,1.9893,2809.9688,0.1731
Profile(20260401_203240).csv,abandoned-flipped,100,r.TemporalAACurrentFrameWeight,0.7,300,33.3332,1.4529,3.204,13.8038,1.9493,2809.0938,0.1812
Profile(20260401_203304).csv,abandoned-flipped,100,r.TemporalAACurrentFrameWeight,0.8,300,33.3379,1.4619,3.2402,13.525,1.997,2809.0938,0.1731
Profile(20260401_203328).csv,abandoned-flipped,100,r.TemporalAACurrentFrameWeight,0.9,300,33.3328,1.5216,3.2591,13.7711,1.9688,2809.5938,0.171
Profile(20260401_203353).csv,abandoned-flipped,100,r.TemporalAACurrentFrameWeight,1.0,300,33.3396,1.4591,3.2403,13.7208,1.933,2809.5938,0.173
Profile(20260401_203417).csv,abandoned-flipped,100,r.TemporalAASamples,4.0,300,33.3311,1.4206,3.1693,13.7158,1.9406,2809.9688,0.173
Profile(20260401_203441).csv,abandoned-flipped,100,r.TemporalAASamples,8.0,300,33.3341,1.4704,3.236,13.6362,1.9616,2809.9688,0.1731
Profile(20260401_203505).csv,abandoned-flipped,100,r.TemporalAASamples,16.0,300,33.3456,1.4628,3.2691,13.8184,1.9547,2811.8438,0.1751
Profile(20260401_203530).csv,abandoned-flipped,100,r.TemporalAASamples,32.0,300,33.3401,1.4928,3.2487,13.7042,1.9924,2810.3438,0.17
Profile(20260401_203554).csv,abandoned-flipped,100,r.TemporalAASamples,64.0,300,33.3308,1.468,3.2206,13.5654,1.9911,2809.8438,0.1761
Profile(20260401_203618).csv,abandoned-flipped,100,r.TemporalAAFilterSize,0.1,300,33.3389,1.4526,3.2221,6.7166,2.0182,2809.4688,0.0368
Profile(20260401_203642).csv,abandoned-flipped,100,r.TemporalAAFilterSize,0.25,300,33.333,1.4654,3.2477,13.7462,1.9623,2809.4688,0.1711
Profile(20260401_203707).csv,abandoned-flipped,100,r.TemporalAAFilterSize,0.5,300,33.3336,1.4914,3.2248,13.6555,1.9754,2810.5938,0.1639
Profile(20260401_203731).csv,abandoned-flipped,100,r.TemporalAAFilterSize,0.7,300,33.3474,1.4814,3.3114,13.5616,2.013,2810.5938,0.1741
Profile(20260401_203755).csv,abandoned-flipped,100,r.TemporalAAFilterSize,0.9,300,33.3362,1.4704,3.283,13.8285,1.9934,2809.8438,0.1679
Profile(20260401_203820).csv,abandoned-flipped,100,r.TemporalAAFilterSize,0.95,300,33.34,1.4698,3.2414,13.7896,1.9642,2809.5938,0.1782
Profile(20260401_203844).csv,abandoned-flipped,100,r.TemporalAAFilterSize,1.0,300,33.3305,1.44,3.1792,13.584,2.0114,2816.9688,0.1649
Profile(20260401_203908).csv,abandoned-flipped,100,r.TemporalAA.HistoryScreenPercentage,100.0,300,33.3276,1.4868,3.2094,6.5801,1.9769,2814.8438,0.0348
Profile(20260401_203932).csv,abandoned-flipped,100,r.TemporalAA.HistoryScreenPercentage,125.0,300,33.3364,1.4582,3.2066,13.7002,1.9616,2811.8438,0.1741
Profile(20260401_203957).csv,abandoned-flipped,100,r.TemporalAA.HistoryScreenPercentage,150.0,300,33.3448,1.5059,3.2464,13.6428,2.042,2809.5938,0.1792
Profile(20260401_204021).csv,abandoned-flipped,100,r.TemporalAA.HistoryScreenPercentage,200.0,300,33.3232,1.4414,3.2194,13.5748,1.9557,2809.5938,0.1694
Profile(20260401_204045).csv,abandoned-flipped,87,r.TemporalAACurrentFrameWeight,0.01,300,33.326,1.4529,3.2476,12.848,1.9944,2626.7812,0.2396
Profile(20260401_204109).csv,abandoned-flipped,87,r.TemporalAACurrentFrameWeight,0.02,300,33.3402,1.4143,3.1449,12.9422,1.9402,2626.7812,0.2437
Profile(20260401_204134).csv,abandoned-flipped,87,r.TemporalAACurrentFrameWeight,0.04,300,33.3371,1.484,3.2892,12.9838,1.9684,2627.7812,0.2406
Profile(20260401_204158).csv,abandoned-flipped,87,r.TemporalAACurrentFrameWeight,0.06,300,33.3398,1.4594,3.2856,12.921,1.9662,2626.6562,0.2304
Profile(20260401_204222).csv,abandoned-flipped,87,r.TemporalAACurrentFrameWeight,0.1,300,33.3389,1.4394,3.2126,12.9248,1.9616,2627.7812,0.2416
Profile(20260401_204246).csv,abandoned-flipped,87,r.TemporalAACurrentFrameWeight,0.2,300,33.3398,1.4283,3.191,12.9953,1.9486,2628.7812,0.2335
Profile(20260401_204311).csv,abandoned-flipped,87,r.TemporalAACurrentFrameWeight,0.5,300,33.3351,1.4255,3.2391,12.9573,1.9482,2627.7812,0.2457
Profile(20260401_204335).csv,abandoned-flipped,87,r.TemporalAACurrentFrameWeight,0.6,300,33.3478,1.5183,3.3178,12.9511,2.0032,2627.5312,0.2468
Profile(20260401_204359).csv,abandoned-flipped,87,r.TemporalAACurrentFrameWeight,0.7,300,33.337,1.4804,3.2744,12.97,2.0027,2631.7812,0.2253
Profile(20260401_204423).csv,abandoned-flipped,87,r.TemporalAACurrentFrameWeight,0.8,300,33.3427,1.4714,3.2786,12.795,2.0014,2626.2812,0.2263
Profile(20260401_204448).csv,abandoned-flipped,87,r.TemporalAACurrentFrameWeight,0.9,300,33.3243,1.4729,3.2034,12.9961,1.9346,2627.0312,0.2509
Profile(20260401_204512).csv,abandoned-flipped,87,r.TemporalAACurrentFrameWeight,1.0,300,33.3344,1.4354,3.1989,12.9603,1.8891,2632.7812,0.2212
Profile(20260401_204536).csv,abandoned-flipped,87,r.TemporalAASamples,4.0,300,33.3411,1.4808,3.2375,12.9121,2.0242,2626.2812,0.2407
Profile(20260401_204600).csv,abandoned-flipped,87,r.TemporalAASamples,8.0,300,33.3467,1.4682,3.2394,12.9444,1.9942,2628.7812,0.2437
Profile(20260401_204625).csv,abandoned-flipped,87,r.TemporalAASamples,16.0,300,33.3326,1.4782,3.2582,12.8986,1.9998,2626.5312,0.2335
Profile(20260401_204649).csv,abandoned-flipped,87,r.TemporalAASamples,32.0,300,33.3395,1.4648,3.2373,12.9232,1.9737,2629.5312,0.2345
Profile(20260401_204713).csv,abandoned-flipped,87,r.TemporalAASamples,64.0,300,33.3281,1.4252,3.1781,12.8759,1.986,2627.7188,0.2324
Profile(20260401_204737).csv,abandoned-flipped,87,r.TemporalAAFilterSize,0.1,300,33.3362,1.4289,3.207,12.9876,1.9338,2627.0312,0.2355
Profile(20260401_204802).csv,abandoned-flipped,87,r.TemporalAAFilterSize,0.25,300,33.343,1.4934,3.2776,12.9998,2.0362,2627.9062,0.2396
Profile(20260401_204826).csv,abandoned-flipped,87,r.TemporalAAFilterSize,0.5,300,33.331,1.4278,3.237,12.93,1.985,2627.0312,0.2176
Profile(20260401_204850).csv,abandoned-flipped,87,r.TemporalAAFilterSize,0.7,300,33.3406,1.4238,3.1936,13.0022,1.975,2632.5312,0.2406
Profile(20260401_204914).csv,abandoned-flipped,87,r.TemporalAAFilterSize,0.9,300,33.3367,1.4377,3.2008,12.9425,1.9642,2626.6562,0.2355
Profile(20260401_204939).csv,abandoned-flipped,87,r.TemporalAAFilterSize,0.95,300,33.3444,1.4571,3.231,12.9192,1.9528,2627.2812,0.2304
Profile(20260401_205003).csv,abandoned-flipped,87,r.TemporalAAFilterSize,1.0,300,33.337,1.475,3.2884,12.9407,1.9654,2626.5312,0.2325
Profile(20260401_205027).csv,abandoned-flipped,87,r.TemporalAA.HistoryScreenPercentage,100.0,300,33.3427,1.4643,3.2628,12.9041,1.9702,2632.2812,0.2345
Profile(20260401_205052).csv,abandoned-flipped,87,r.TemporalAA.HistoryScreenPercentage,125.0,300,33.3344,1.4619,3.2442,12.9349,2.0054,2627.2812,0.2416
Profile(20260401_205116).csv,abandoned-flipped,87,r.TemporalAA.HistoryScreenPercentage,150.0,300,33.3332,1.4586,3.2066,12.9665,1.9846,2626.4062,0.2407
Profile(20260401_205140).csv,abandoned-flipped,87,r.TemporalAA.HistoryScreenPercentage,200.0,300,33.3362,1.4678,3.2019,12.9399,1.9312,2627.5312,0.2325
Profile(20260401_205204).csv,abandoned-flipped,71,r.TemporalAACurrentFrameWeight,0.01,300,33.3451,1.4558,3.1707,10.1828,2.0133,2558.625,0.1669
Profile(20260401_205229).csv,abandoned-flipped,71,r.TemporalAACurrentFrameWeight,0.02,300,33.3301,1.468,3.2234,10.0613,1.9923,2557.4375,0.1761
Profile(20260401_205253).csv,abandoned-flipped,71,r.TemporalAACurrentFrameWeight,0.04,300,33.3366,1.4496,3.1895,6.1856,1.9788,2558.5,0.0501
Profile(20260401_205317).csv,abandoned-flipped,71,r.TemporalAACurrentFrameWeight,0.06,300,33.3343,1.4448,3.2042,10.1085,1.9748,2554.1875,0.172
Profile(20260401_205341).csv,abandoned-flipped,71,r.TemporalAACurrentFrameWeight,0.1,300,33.3409,1.4649,3.1727,10.0542,1.9582,2559.5,0.168
Profile(20260401_205406).csv,abandoned-flipped,71,r.TemporalAACurrentFrameWeight,0.2,300,33.341,1.4823,3.252,10.1612,1.999,2558.5,0.1771
Profile(20260401_205430).csv,abandoned-flipped,71,r.TemporalAACurrentFrameWeight,0.5,300,33.3276,1.4718,3.2423,10.0943,1.9573,2556.1875,0.1772
Profile(20260401_205454).csv,abandoned-flipped,71,r.TemporalAACurrentFrameWeight,0.6,300,33.352,1.4804,3.2858,10.0613,1.9804,2554.4375,0.172
Profile(20260401_205518).csv,abandoned-flipped,71,r.TemporalAACurrentFrameWeight,0.7,300,33.3394,1.4696,3.215,5.4424,2.0194,2555.4375,0.044
Profile(20260401_205543).csv,abandoned-flipped,71,r.TemporalAACurrentFrameWeight,0.8,300,33.3221,1.4445,3.2193,10.0561,2.006,2559.1875,0.1782
Profile(20260401_205607).csv,abandoned-flipped,71,r.TemporalAACurrentFrameWeight,0.9,300,33.3386,1.4324,3.152,10.2247,1.9418,2552.1875,0.172
Profile(20260401_205631).csv,abandoned-flipped,71,r.TemporalAACurrentFrameWeight,1.0,300,33.3311,1.4948,3.2714,10.0165,1.9704,2554.4375,0.1772
Profile(20260401_205656).csv,abandoned-flipped,71,r.TemporalAASamples,4.0,300,33.3384,1.4527,3.1858,10.058,1.9204,2555.3125,0.1741
Profile(20260401_205720).csv,abandoned-flipped,71,r.TemporalAASamples,8.0,300,33.329,1.4716,3.2089,10.1966,1.971,2558.9375,0.173
Profile(20260401_205744).csv,abandoned-flipped,71,r.TemporalAASamples,16.0,300,33.3263,1.4615,3.2306,10.1743,1.9609,2555.4375,0.1772
Profile(20260401_205808).csv,abandoned-flipped,71,r.TemporalAASamples,32.0,300,33.3262,1.476,3.2182,5.7096,1.968,2555.4375,0.0461
Profile(20260401_205833).csv,abandoned-flipped,71,r.TemporalAASamples,64.0,300,33.3292,1.4924,3.281,10.033,1.9932,2558.5625,0.1772
Profile(20260401_205857).csv,abandoned-flipped,71,r.TemporalAAFilterSize,0.1,300,33.3371,1.4822,3.2293,10.0781,1.9747,2558.1875,0.173
Profile(20260401_205921).csv,abandoned-flipped,71,r.TemporalAAFilterSize,0.25,300,33.3301,1.4786,3.2068,5.568,1.9942,2554.1875,0.044
Profile(20260401_205945).csv,abandoned-flipped,71,r.TemporalAAFilterSize,0.5,300,33.3293,1.4464,3.1858,10.0574,1.9877,2554.1875,0.17
Profile(20260401_210010).csv,abandoned-flipped,71,r.TemporalAAFilterSize,0.7,300,33.3324,1.4364,3.1571,10.1074,1.9469,2558.4375,0.1772
Profile(20260401_210034).csv,abandoned-flipped,71,r.TemporalAAFilterSize,0.9,300,33.33,1.4667,3.2714,10.0756,1.9758,2554.9375,0.1721
Profile(20260401_210058).csv,abandoned-flipped,71,r.TemporalAAFilterSize,0.95,300,33.3544,1.4708,3.202,9.9906,1.9398,2554.9375,0.1659
Profile(20260401_210122).csv,abandoned-flipped,71,r.TemporalAAFilterSize,1.0,300,33.335,1.4397,3.1974,9.7972,1.9494,2556.9375,0.171
Profile(20260401_210147).csv,abandoned-flipped,71,r.TemporalAA.HistoryScreenPercentage,100.0,300,33.338,1.4644,3.2208,10.158,1.9696,2560.4375,0.1772
Profile(20260401_210211).csv,abandoned-flipped,71,r.TemporalAA.HistoryScreenPercentage,125.0,300,33.3423,1.4428,3.2214,10.2514,2.0119,2555.25,0.1772
Profile(20260401_210235).csv,abandoned-flipped,71,r.TemporalAA.HistoryScreenPercentage,150.0,300,33.3332,1.4531,3.1996,10.3277,1.9752,2556.5,0.1762
Profile(20260401_210300).csv,abandoned-flipped,71,r.TemporalAA.HistoryScreenPercentage,200.0,300,33.344,1.4658,3.2272,10.1539,1.9306,2556.4375,0.1751
Profile(20260401_210324).csv,abandoned-flipped,50,r.TemporalAACurrentFrameWeight,0.01,300,33.3442,1.435,3.1652,7.9644,2.0198,2376.3633,0.129
Profile(20260401_210348).csv,abandoned-flipped,50,r.TemporalAACurrentFrameWeight,0.02,300,33.3404,1.4752,3.1728,8.1891,2.0205,2374.7383,0.1311
Profile(20260401_210412).csv,abandoned-flipped,50,r.TemporalAACurrentFrameWeight,0.04,300,33.3282,1.4498,3.184,8.0386,1.9288,2376.2383,0.1311
Profile(20260401_210437).csv,abandoned-flipped,50,r.TemporalAACurrentFrameWeight,0.06,300,33.3376,1.4771,3.1983,8.0528,1.9532,2377.1133,0.129
Profile(20260401_210501).csv,abandoned-flipped,50,r.TemporalAACurrentFrameWeight,0.1,300,33.337,1.4476,3.1811,8.1142,1.9507,2377.2383,0.1291
Profile(20260401_210525).csv,abandoned-flipped,50,r.TemporalAACurrentFrameWeight,0.2,300,33.3344,1.458,3.1974,8.2248,1.9875,2377.4883,0.1249
Profile(20260401_210549).csv,abandoned-flipped,50,r.TemporalAACurrentFrameWeight,0.5,300,33.3322,1.4404,3.1783,8.0278,1.9469,2376.2383,0.1342
Profile(20260401_210613).csv,abandoned-flipped,50,r.TemporalAACurrentFrameWeight,0.6,300,33.3431,1.4556,3.1869,8.1488,1.9562,2375.2383,0.1219
Profile(20260401_210638).csv,abandoned-flipped,50,r.TemporalAACurrentFrameWeight,0.7,300,33.3282,1.488,3.2577,8.247,1.9788,2376.7383,0.1321
Profile(20260401_210702).csv,abandoned-flipped,50,r.TemporalAACurrentFrameWeight,0.8,300,33.3435,1.4697,3.2638,8.177,1.9898,2375.9883,0.1264
Profile(20260401_210726).csv,abandoned-flipped,50,r.TemporalAACurrentFrameWeight,0.9,300,33.3356,1.503,3.2756,8.1222,2.0236,2375.4883,0.125
Profile(20260401_210751).csv,abandoned-flipped,50,r.TemporalAACurrentFrameWeight,1.0,300,33.342,1.4621,3.2759,8.0709,1.9897,2375.9883,0.1341
Profile(20260401_210815).csv,abandoned-flipped,50,r.TemporalAASamples,4.0,300,33.3285,1.4174,3.1657,8.126,1.9486,2376.9883,0.127
Profile(20260401_210839).csv,abandoned-flipped,50,r.TemporalAASamples,8.0,300,33.3294,1.471,3.1894,8.2269,1.9621,2378.3633,0.1301
Profile(20260401_210903).csv,abandoned-flipped,50,r.TemporalAASamples,16.0,300,33.3453,1.479,3.2286,8.0614,2.006,2377.2383,0.1229
Profile(20260401_210928).csv,abandoned-flipped,50,r.TemporalAASamples,32.0,300,33.3208,1.4808,3.2114,8.1782,2.0088,2375.9883,0.1331
Profile(20260401_210952).csv,abandoned-flipped,50,r.TemporalAASamples,64.0,300,33.3376,1.4472,3.1566,8.044,1.9258,2377.2383,0.1219
Profile(20260401_211016).csv,abandoned-flipped,50,r.TemporalAAFilterSize,0.1,300,33.3208,1.4415,3.1691,8.0624,1.9726,2376.1133,0.1311
Profile(20260401_211040).csv,abandoned-flipped,50,r.TemporalAAFilterSize,0.25,300,33.3426,1.4612,3.1508,8.1264,1.9694,2377.2383,0.1214
Profile(20260401_211105).csv,abandoned-flipped,50,r.TemporalAAFilterSize,0.5,300,33.3215,1.4833,3.2302,7.9438,1.9722,2376.2383,0.1157
Profile(20260401_211129).csv,abandoned-flipped,50,r.TemporalAAFilterSize,0.7,300,33.3367,1.4573,3.2277,8.027,2.0292,2375.9883,0.129
Profile(20260401_211153).csv,abandoned-flipped,50,r.TemporalAAFilterSize,0.9,300,33.3329,1.4722,3.1664,8.124,1.9596,2377.2383,0.1178
Profile(20260401_211217).csv,abandoned-flipped,50,r.TemporalAAFilterSize,0.95,300,33.3234,1.4777,3.2664,8.0482,1.9928,2376.4883,0.127
Profile(20260401_211242).csv,abandoned-flipped,50,r.TemporalAAFilterSize,1.0,300,33.3246,1.4457,3.2077,7.9636,1.9502,2376.7383,0.1331
Profile(20260401_211306).csv,abandoned-flipped,50,r.TemporalAA.HistoryScreenPercentage,100.0,300,33.3247,1.4606,3.2502,8.1117,1.9607,2376.2383,0.1331
Profile(20260401_211330).csv,abandoned-flipped,50,r.TemporalAA.HistoryScreenPercentage,125.0,300,33.3425,1.45,3.2002,8.1235,1.9846,2376.2383,0.1229
Profile(20260401_211354).csv,abandoned-flipped,50,r.TemporalAA.HistoryScreenPercentage,150.0,300,33.3346,1.4358,3.2012,8.0598,1.9671,2378.4883,0.128
Profile(20260401_211419).csv,abandoned-flipped,50,r.TemporalAA.HistoryScreenPercentage,200.0,300,33.3203,1.4726,3.2469,8.0896,1.9738,2375.9883,0.1259
Profile(20260401_212624).csv,subway-lookdown,100,r.TemporalAACurrentFrameWeight,0.01,300,33.3415,1.5187,2.9924,9.7644,1.1572,1482.3047,0.0348
Profile(20260401_212648).csv,subway-lookdown,100,r.TemporalAACurrentFrameWeight,0.02,300,33.3295,1.5932,3.1107,9.8353,1.1253,1480.375,0.0348
Profile(20260401_212710).csv,subway-lookdown,100,r.TemporalAACurrentFrameWeight,0.04,300,33.3303,1.5621,3.1187,10.1611,1.1559,1481.0,0.0348
Profile(20260401_212732).csv,subway-lookdown,100,r.TemporalAACurrentFrameWeight,0.06,300,33.3334,1.6532,3.2379,9.9136,1.1881,1479.1328,0.0338
Profile(20260401_212755).csv,subway-lookdown,100,r.TemporalAACurrentFrameWeight,0.1,300,33.3429,1.6205,3.1712,9.4612,1.1122,1480.4375,0.0338
Profile(20260401_212819).csv,subway-lookdown,100,r.TemporalAACurrentFrameWeight,0.2,300,33.3412,1.626,3.1096,9.6748,1.1678,1480.5078,0.0338
Profile(20260401_212842).csv,subway-lookdown,100,r.TemporalAACurrentFrameWeight,0.5,300,33.3496,1.617,3.186,9.9864,1.1612,1481.0,0.0338
Profile(20260401_212905).csv,subway-lookdown,100,r.TemporalAACurrentFrameWeight,0.6,300,33.3286,1.5785,3.1933,9.9156,1.1679,1480.3906,0.0328
Profile(20260401_212927).csv,subway-lookdown,100,r.TemporalAACurrentFrameWeight,0.7,300,33.3358,1.5929,3.1718,9.6038,1.1599,1480.0,0.0338
Profile(20260401_212950).csv,subway-lookdown,100,r.TemporalAACurrentFrameWeight,0.8,300,33.3277,1.5296,3.0327,9.9208,1.1246,1479.5781,0.0338
Profile(20260401_213013).csv,subway-lookdown,100,r.TemporalAACurrentFrameWeight,0.9,300,33.3378,1.5372,3.0892,9.9827,1.1268,1480.125,0.0338
Profile(20260401_213036).csv,subway-lookdown,100,r.TemporalAACurrentFrameWeight,1.0,300,33.3362,1.6546,3.2452,10.1166,1.1698,1480.8906,0.0348
Profile(20260401_213059).csv,subway-lookdown,100,r.TemporalAASamples,4.0,300,33.33,1.5455,3.1053,9.8449,1.1516,1480.8672,0.0338
Profile(20260401_213123).csv,subway-lookdown,100,r.TemporalAASamples,8.0,300,33.3363,1.5829,3.1648,7.9286,1.1614,1479.9922,0.0317
Profile(20260401_213146).csv,subway-lookdown,100,r.TemporalAASamples,16.0,300,33.3389,1.5606,3.08,10.1354,1.1244,1479.6953,0.0338
Profile(20260401_213209).csv,subway-lookdown,100,r.TemporalAASamples,32.0,300,33.3301,1.5132,3.0304,9.6942,1.118,1481.1328,0.0338
Profile(20260401_213232).csv,subway-lookdown,100,r.TemporalAASamples,64.0,300,33.352,1.6224,3.0926,9.7796,1.1517,1480.1953,0.0338
Profile(20260401_213256).csv,subway-lookdown,100,r.TemporalAAFilterSize,0.1,300,33.3473,1.5722,3.103,10.03,1.1728,1480.9922,0.0348
Profile(20260401_213319).csv,subway-lookdown,100,r.TemporalAAFilterSize,0.25,300,33.3284,1.4948,2.9572,9.4493,1.1896,1481.0078,0.0348
Profile(20260401_213342).csv,subway-lookdown,100,r.TemporalAAFilterSize,0.5,300,33.3317,1.4685,3.0127,9.9042,1.2123,1479.25,0.0338
Profile(20260401_213405).csv,subway-lookdown,100,r.TemporalAAFilterSize,0.7,300,33.3254,1.5425,3.058,9.9458,1.1921,1481.875,0.0348
Profile(20260401_213429).csv,subway-lookdown,100,r.TemporalAAFilterSize,0.9,300,33.33,1.5598,3.0708,9.7576,1.1507,1480.125,0.0348
Profile(20260401_213452).csv,subway-lookdown,100,r.TemporalAAFilterSize,0.95,300,33.324,1.59,3.0599,9.9374,1.118,1480.1328,0.0338
Profile(20260401_213515).csv,subway-lookdown,100,r.TemporalAAFilterSize,1.0,300,33.3346,1.5362,3.0507,9.8454,1.1349,1481.2422,0.0348
Profile(20260401_213537).csv,subway-lookdown,100,r.TemporalAA.HistoryScreenPercentage,100.0,300,33.3444,1.6074,3.136,9.6785,1.1259,1479.9922,0.0338
Profile(20260401_213600).csv,subway-lookdown,100,r.TemporalAA.HistoryScreenPercentage,125.0,300,33.3323,1.619,3.1811,9.9276,1.1932,1480.25,0.0348
Profile(20260401_213624).csv,subway-lookdown,100,r.TemporalAA.HistoryScreenPercentage,150.0,300,33.3532,1.5974,3.1474,9.7443,1.1322,1480.375,0.0348
Profile(20260401_213647).csv,subway-lookdown,100,r.TemporalAA.HistoryScreenPercentage,200.0,300,33.3427,1.6004,3.1457,9.7256,1.1435,1480.3672,0.0338
Profile(20260401_213709).csv,subway-lookdown,87,r.TemporalAACurrentFrameWeight,0.01,300,33.3331,1.5788,3.1946,8.8588,1.149,1389.6367,0.0328
Profile(20260401_213731).csv,subway-lookdown,87,r.TemporalAACurrentFrameWeight,0.02,300,33.3392,1.6593,3.2431,9.87,1.1616,1386.9336,0.0358
Profile(20260401_213755).csv,subway-lookdown,87,r.TemporalAACurrentFrameWeight,0.04,300,33.336,1.5398,3.0983,8.9086,1.123,1389.5234,0.0348
Profile(20260401_213817).csv,subway-lookdown,87,r.TemporalAACurrentFrameWeight,0.06,300,33.3401,1.5417,3.1396,8.8786,1.147,1388.6016,0.0328
Profile(20260401_213839).csv,subway-lookdown,87,r.TemporalAACurrentFrameWeight,0.1,300,33.3479,1.6063,3.1912,8.6638,1.1532,1387.8672,0.0327
Profile(20260401_213902).csv,subway-lookdown,87,r.TemporalAACurrentFrameWeight,0.2,300,33.3442,1.578,3.1642,9.1304,1.134,1387.8438,0.0327
Profile(20260401_213925).csv,subway-lookdown,87,r.TemporalAACurrentFrameWeight,0.5,300,33.3297,1.5354,3.1037,9.1868,1.1404,1388.7266,0.0338
Profile(20260401_213947).csv,subway-lookdown,87,r.TemporalAACurrentFrameWeight,0.6,300,33.337,1.6334,3.2408,9.0994,1.1429,1386.4609,0.0338
Profile(20260401_214010).csv,subway-lookdown,87,r.TemporalAACurrentFrameWeight,0.7,300,33.3364,1.5778,3.1089,9.3044,1.1132,1387.9297,0.0338
Profile(20260401_214033).csv,subway-lookdown,87,r.TemporalAACurrentFrameWeight,0.8,300,33.3399,1.6387,3.2311,9.7054,1.1668,1387.8672,0.0349
Profile(20260401_214056).csv,subway-lookdown,87,r.TemporalAACurrentFrameWeight,0.9,300,33.3432,1.6846,3.2416,9.2296,1.1402,1389.4922,0.0338
Profile(20260401_214119).csv,subway-lookdown,87,r.TemporalAACurrentFrameWeight,1.0,300,33.3356,1.5759,3.1505,9.2872,1.1319,1389.2539,0.0338
Profile(20260401_214141).csv,subway-lookdown,87,r.TemporalAASamples,4.0,300,33.3348,1.5867,3.1634,9.0498,1.1473,1388.8438,0.0338
Profile(20260401_214205).csv,subway-lookdown,87,r.TemporalAASamples,8.0,300,33.3376,1.5911,3.2158,9.2481,1.1184,1387.9062,0.0338
Profile(20260401_214228).csv,subway-lookdown,87,r.TemporalAASamples,16.0,300,33.357,1.6087,3.188,9.0873,1.158,1388.1562,0.0333
Profile(20260401_214251).csv,subway-lookdown,87,r.TemporalAASamples,32.0,300,33.337,1.5745,3.1948,9.0998,1.1432,1389.0312,0.0328
Profile(20260401_214314).csv,subway-lookdown,87,r.TemporalAASamples,64.0,300,33.3454,1.56,3.1535,9.1664,1.1268,1387.8789,0.0338
Profile(20260401_214337).csv,subway-lookdown,87,r.TemporalAAFilterSize,0.1,300,33.3396,1.5831,3.1796,8.8495,1.165,1388.7383,0.0328
Profile(20260401_214400).csv,subway-lookdown,87,r.TemporalAAFilterSize,0.25,300,33.347,1.5907,3.2261,9.2874,1.1908,1387.6172,0.0338
Profile(20260401_214423).csv,subway-lookdown,87,r.TemporalAAFilterSize,0.5,300,33.3352,1.6008,3.2306,9.2326,1.147,1389.4922,0.0338
Profile(20260401_214446).csv,subway-lookdown,87,r.TemporalAAFilterSize,0.7,300,33.3437,1.6006,3.1861,9.2548,1.1494,1388.0117,0.0338
Profile(20260401_214508).csv,subway-lookdown,87,r.TemporalAAFilterSize,0.9,300,33.3394,1.5273,3.1109,9.6989,1.0943,1387.4141,0.0358
Profile(20260401_214532).csv,subway-lookdown,87,r.TemporalAAFilterSize,0.95,300,33.3405,1.646,3.2134,9.0538,1.135,1389.0078,0.0338
Profile(20260401_214554).csv,subway-lookdown,87,r.TemporalAAFilterSize,1.0,300,33.32,1.6306,3.1912,9.2457,1.1248,1388.4296,0.0338
Profile(20260401_214616).csv,subway-lookdown,87,r.TemporalAA.HistoryScreenPercentage,100.0,300,33.341,1.5871,3.2124,8.9208,1.1302,1387.8984,0.0318
Profile(20260401_214639).csv,subway-lookdown,87,r.TemporalAA.HistoryScreenPercentage,125.0,300,33.3331,1.6038,3.1977,9.3829,1.1328,1386.5742,0.0338
Profile(20260401_214703).csv,subway-lookdown,87,r.TemporalAA.HistoryScreenPercentage,150.0,300,33.3418,1.6432,3.2118,8.7815,1.1672,1388.789,0.0328
Profile(20260401_214726).csv,subway-lookdown,87,r.TemporalAA.HistoryScreenPercentage,200.0,300,33.3492,1.6035,3.2104,9.2153,1.1685,1387.6289,0.0338
Profile(20260401_214748).csv,subway-lookdown,71,r.TemporalAACurrentFrameWeight,0.01,300,33.3374,1.5532,2.9134,13.6498,1.1327,1201.293,0.1454
Profile(20260401_214812).csv,subway-lookdown,71,r.TemporalAACurrentFrameWeight,0.02,300,33.3416,1.5166,2.8492,13.4122,1.1046,1200.8789,0.1444
Profile(20260401_214836).csv,subway-lookdown,71,r.TemporalAACurrentFrameWeight,0.04,300,33.3448,1.5276,2.9247,13.5636,1.125,1200.1055,0.126
Profile(20260401_214859).csv,subway-lookdown,71,r.TemporalAACurrentFrameWeight,0.06,300,33.3424,1.6084,2.9375,13.5043,1.1397,1199.8555,0.1454
Profile(20260401_214921).csv,subway-lookdown,71,r.TemporalAACurrentFrameWeight,0.1,300,33.3427,1.5589,2.834,6.9401,1.0989,1199.9336,0.0307
Profile(20260401_214944).csv,subway-lookdown,71,r.TemporalAACurrentFrameWeight,0.2,300,33.3388,1.5714,2.9088,13.5956,1.146,1200.5039,0.1414
Profile(20260401_215008).csv,subway-lookdown,71,r.TemporalAACurrentFrameWeight,0.5,300,33.3375,1.5428,2.902,13.4928,1.141,1200.6758,0.1444
Profile(20260401_215030).csv,subway-lookdown,71,r.TemporalAACurrentFrameWeight,0.6,300,33.3379,1.584,2.971,13.5394,1.1178,1200.793,0.1495
Profile(20260401_215052).csv,subway-lookdown,71,r.TemporalAACurrentFrameWeight,0.7,300,33.3418,1.6026,2.8953,13.5112,1.1294,1200.2227,0.1506
Profile(20260401_215115).csv,subway-lookdown,71,r.TemporalAACurrentFrameWeight,0.8,300,33.3298,1.5396,2.827,13.5048,1.1296,1201.1289,0.1372
Profile(20260401_215138).csv,subway-lookdown,71,r.TemporalAACurrentFrameWeight,0.9,300,33.3405,1.537,2.8235,13.5063,1.157,1200.4102,0.1444
Profile(20260401_215201).csv,subway-lookdown,71,r.TemporalAACurrentFrameWeight,1.0,300,33.3367,1.6238,2.9592,13.355,1.1059,1200.7383,0.1454
Profile(20260401_215224).csv,subway-lookdown,71,r.TemporalAASamples,4.0,300,33.3506,1.5708,2.9138,13.4435,1.1247,1200.6289,0.1413
Profile(20260401_215247).csv,subway-lookdown,71,r.TemporalAASamples,8.0,300,33.342,1.5592,2.8779,13.4648,1.097,1200.6289,0.1454
Profile(20260401_215311).csv,subway-lookdown,71,r.TemporalAASamples,16.0,300,33.3409,1.5243,2.8388,13.4556,1.1156,1200.543,0.1321
Profile(20260401_215334).csv,subway-lookdown,71,r.TemporalAASamples,32.0,300,33.3395,1.6372,3.0562,13.4622,1.133,1199.9961,0.1449
Profile(20260401_215357).csv,subway-lookdown,71,r.TemporalAASamples,64.0,300,33.3404,1.6339,2.982,13.372,1.1265,1200.2852,0.1418
Profile(20260401_215420).csv,subway-lookdown,71,r.TemporalAAFilterSize,0.1,300,33.3504,1.577,2.931,6.7002,1.1254,1201.4961,0.0292
Profile(20260401_215443).csv,subway-lookdown,71,r.TemporalAAFilterSize,0.25,300,33.3401,1.5676,2.9052,13.4219,1.1213,1200.3633,0.1521
Profile(20260401_215506).csv,subway-lookdown,71,r.TemporalAAFilterSize,0.5,300,33.3406,1.5441,2.8072,13.547,1.0946,1201.2305,0.13
Profile(20260401_215528).csv,subway-lookdown,71,r.TemporalAAFilterSize,0.7,300,33.3379,1.6236,2.9498,13.4262,1.1194,1200.6055,0.1434
Profile(20260401_215551).csv,subway-lookdown,71,r.TemporalAAFilterSize,0.9,300,33.3273,1.5752,2.9184,13.4694,1.1294,1200.1914,0.131
Profile(20260401_215615).csv,subway-lookdown,71,r.TemporalAAFilterSize,0.95,300,33.3312,1.553,2.9464,13.4456,1.1468,1199.7461,0.1474
Profile(20260401_215638).csv,subway-lookdown,71,r.TemporalAAFilterSize,1.0,300,33.3366,1.5587,2.9258,13.6291,1.1305,1200.5039,0.1383
Profile(20260401_215701).csv,subway-lookdown,71,r.TemporalAA.HistoryScreenPercentage,100.0,300,33.3338,1.508,2.8855,13.555,1.0932,1200.7265,0.1495
Profile(20260401_215723).csv,subway-lookdown,71,r.TemporalAA.HistoryScreenPercentage,125.0,300,33.3311,1.5484,2.8277,13.5867,1.1299,1199.9727,0.1495
Profile(20260401_215747).csv,subway-lookdown,71,r.TemporalAA.HistoryScreenPercentage,150.0,300,33.3392,1.595,2.8671,13.4282,1.1384,1200.3477,0.1484
Profile(20260401_215810).csv,subway-lookdown,71,r.TemporalAA.HistoryScreenPercentage,200.0,300,33.3415,1.58,2.8743,13.3564,1.1282,1200.7461,0.15
Profile(20260401_215833).csv,subway-lookdown,50,r.TemporalAACurrentFrameWeight,0.01,300,33.3408,1.6345,2.9454,9.7255,1.1232,1093.6094,0.1116
Profile(20260401_215856).csv,subway-lookdown,50,r.TemporalAACurrentFrameWeight,0.02,300,33.3463,1.5747,2.8335,9.8476,1.1414,1093.9102,0.1086
Profile(20260401_215920).csv,subway-lookdown,50,r.TemporalAACurrentFrameWeight,0.04,300,33.3323,1.5492,2.7967,9.5708,1.0983,1093.3281,0.1076
Profile(20260401_215943).csv,subway-lookdown,50,r.TemporalAACurrentFrameWeight,0.06,300,33.3372,1.6512,2.9399,9.8292,1.1102,1092.7031,0.1116
Profile(20260401_220005).csv,subway-lookdown,50,r.TemporalAACurrentFrameWeight,0.1,300,33.3334,1.5705,2.8854,10.0662,1.1048,1093.6523,0.1096
Profile(20260401_220027).csv,subway-lookdown,50,r.TemporalAACurrentFrameWeight,0.2,300,33.3322,1.6048,2.9056,9.5166,1.1064,1093.9531,0.1106
Profile(20260401_220051).csv,subway-lookdown,50,r.TemporalAACurrentFrameWeight,0.5,300,33.3326,1.5632,2.8424,9.8307,1.1024,1093.3281,0.1096
Profile(20260401_220113).csv,subway-lookdown,50,r.TemporalAACurrentFrameWeight,0.6,300,33.3356,1.5244,2.8119,9.844,1.1098,1093.7852,0.1034
Profile(20260401_220135).csv,subway-lookdown,50,r.TemporalAACurrentFrameWeight,0.7,300,33.3382,1.564,2.8796,9.8908,1.1093,1092.9805,0.1116
Profile(20260401_220158).csv,subway-lookdown,50,r.TemporalAACurrentFrameWeight,0.8,300,33.3584,1.6104,2.9706,10.0524,1.1102,1092.8789,0.1116
Profile(20260401_220222).csv,subway-lookdown,50,r.TemporalAACurrentFrameWeight,0.9,300,33.3282,1.5452,2.7954,6.0928,1.1283,1092.7461,0.0348
Profile(20260401_220245).csv,subway-lookdown,50,r.TemporalAACurrentFrameWeight,1.0,300,33.3196,1.5523,2.8086,10.012,1.0788,1093.1094,0.1106
Profile(20260401_220308).csv,subway-lookdown,50,r.TemporalAASamples,4.0,300,33.344,1.5424,2.7947,9.8991,1.1125,1094.1036,0.1116
Profile(20260401_220331).csv,subway-lookdown,50,r.TemporalAASamples,8.0,300,33.3254,1.5348,2.7577,9.7664,1.1152,1092.7812,0.1065
Profile(20260401_220355).csv,subway-lookdown,50,r.TemporalAASamples,16.0,300,33.3349,1.633,2.8756,9.8222,1.133,1092.9844,0.1106
Profile(20260401_220418).csv,subway-lookdown,50,r.TemporalAASamples,32.0,300,33.3521,1.575,2.8071,8.4424,1.1382,1093.3594,0.0579
Profile(20260401_220440).csv,subway-lookdown,50,r.TemporalAASamples,64.0,300,33.3418,1.5536,2.8367,10.0996,1.1264,1093.6094,0.1126
Profile(20260401_220503).csv,subway-lookdown,50,r.TemporalAAFilterSize,0.1,300,33.3384,1.5678,2.8407,9.8433,1.1118,1092.7148,0.1106
Profile(20260401_220526).csv,subway-lookdown,50,r.TemporalAAFilterSize,0.25,300,33.3341,1.5652,2.8115,10.0094,1.0895,1093.0352,0.1065
Profile(20260401_220549).csv,subway-lookdown,50,r.TemporalAAFilterSize,0.5,300,33.3346,1.6251,2.8468,9.9457,1.1024,1092.957,0.1117
Profile(20260401_220612).csv,subway-lookdown,50,r.TemporalAAFilterSize,0.7,300,33.3328,1.528,2.8038,10.0208,1.0942,1093.9629,0.1065
Profile(20260401_220635).csv,subway-lookdown,50,r.TemporalAAFilterSize,0.9,300,33.3444,1.6448,2.9742,9.3766,1.1229,1092.457,0.1004
Profile(20260401_220658).csv,subway-lookdown,50,r.TemporalAAFilterSize,0.95,300,33.339,1.6449,2.9614,9.8558,1.1396,1092.4727,0.1117
Profile(20260401_220721).csv,subway-lookdown,50,r.TemporalAAFilterSize,1.0,300,33.3434,1.6306,2.8896,9.8245,1.1008,1093.2031,0.107
Profile(20260401_220743).csv,subway-lookdown,50,r.TemporalAA.HistoryScreenPercentage,100.0,300,33.3303,1.5796,2.8396,9.9927,1.144,1092.8555,0.1137
Profile(20260401_220805).csv,subway-lookdown,50,r.TemporalAA.HistoryScreenPercentage,125.0,300,33.3258,1.5528,2.8839,10.0923,1.1651,1093.1055,0.1126
Profile(20260401_220829).csv,subway-lookdown,50,r.TemporalAA.HistoryScreenPercentage,150.0,300,33.3453,1.5588,2.8796,9.9282,1.1212,1093.0898,0.1147
Profile(20260401_220852).csv,subway-lookdown,50,r.TemporalAA.HistoryScreenPercentage,200.0,300,33.3477,1.5398,2.8547,10.0754,1.0861,1092.5781,0.1106
